Relic;Ability;Cooldown;Cost;DmgMult;Target;Radius;Heal;Effects;EffectDesc
Cryomancer;ice_chains;8;40;0;AllEnemiesWithTag;0;0;Ледяные оковы;
Defender;resolute_strike;10;50;0;NearestEnemy;0;0;Решительный удар: оглушение · Решительный удар: ослабление;
Druid;spore_burst;9;0;0;AllEnemiesWithTag;1.5;80;;
FlameSwordsman;ignition;10;50;0;NearestEnemy;0;0;Воспламенение;
IronSpearman;steel_whirl;9;45;3;Self;2.5;0;;
LightShepherd;hand_of_life;6;30;0;LowestHpAlly;0;100;;
Ranger;hunters_mark;6;30;0;NearestEnemy;0;0;Метка охотника;
Treant;overgrowth;12;0;0;Self;0;0;Разрастание;
WhirlMonk;whirl_push;7;35;0;NearestEnemy;0;0;Захват вихря;
